{
	"path": [
		[71.91535231830402, 1.5, 234.4260516306691],
		[74.17954993317971, 1.5, 168.724151350363],
		[88.35666096421245, 1.5, 167.6842823795792],
		[88.3820982942424, 1.5, 61.29995656982938],
		[111.04797692185814, 1.5, 60.54277179767275],
		[111.30756930602959, 1.5, 47.74319633545265],
		[135.45657959406964, 1.5, 47.95569988522452],
		[135.1157207838689, 1.5, 42.556122771289104],
		[142.1655778220885, 1.5, 41.31811049345483],
		[142.10616077634833, 1.5, 21.507085604102],
		[203.47514224296364, 1.5, 21.490291281995304],
		[209.4280360921911, 1.5, -78.8622029832388],
		[221.88938438030334, 1.5, -142.17430472164028],
		[189.73535879361796, 1.5, -148.2542034896806],
		[189.8772616139299, 1.5, -156.32318461179116],
		[37.07108970591079, 1.5, -180.27511090942795],
		[30.807244600353187, 1.5, -142.66585140906955],
		[26.995446254508707, 1.5, -129.51297556708522],
		[5.787852288334484, 1.5, -138.3134501402041],
		[1.7139080933355118,1.5, -127.34680039748692],
		[-32.86481661330736, 1.5, -141.4266362802304],
		[-37.39968243873936, 1.5, -151.92239899867374],
		[-64.27465192669955, 1.5, -154.1075507348229],
		[-93.66214243785736, 1.5, -93.75590861203024],
		[-113.7508404079537, 1.5, -61.28898805384527],
		[-123.22742304882155, 1.5, -26.896424923500916],
		[-124.98938004131726, 1.5, 48.50068713641366]
	],
	"angle": [0, -0.035, -1.475, 0.035, -1.53, -0.03, -1.635, 0, -1.27, 0.015, -1.54, 0.015, -0.21, 1.45, -0.02, 1.42,
		2.83, 2.835, 1.11, 2.645, 1.08, 0.5750000000000001, 1.545, 2.2800000000000002, 2.7800000000000002, 2.78,
		3.04
	],
	"vertical": [1, 1, 1, 1, 1, 1, 1,1, 1, 1, 1, 1, 1,1, 1, 1, 1, 1, 1, 1, 1, 1,1,1,1,1,1]
}
